name,surname,initials,age,date_of_birth
David,Garcia,D,39,1986-01-18
Julia,Quinn,J,59,1966-06-24
Alice,Smith,A,53,1972-05-10
Hannah,Foster,H,25,2000-01-04
Ethan,Smith,E,79,1946-06-25
Tom,Hill,T,36,1989-11-07
Sophia,Davis,S,34,1991-07-21
Carla,Evans,C,21,2004-01-11
Laura,King,L,47,1978-10-10
Sophia,Turner,S,68,1957-05-07
Julia,Roberts,J,35,1990-07-11
David,Lewis,D,41,1984-06-09
Oscar,Adams,O,47,1978-11-18
Carla,Morris,C,69,1956-07-07
Quinn,Turner,Q,72,1953-01-20
David,Davis,D,38,1987-11-22
Hannah,Hill,H,73,1952-10-11
David,Hill,D,64,1961-07-23
Tom,Jones,T,34,1991-06-08
Laura,Lewis,L,49,1976-05-18
Ben,King,B,60,1965-05-22
Alice,Irwin,A,48,1977-06-10
George,Parker,G,47,1978-12-05
Ben,Lewis,B,74,1951-11-11
Oscar,Garcia,O,67,1958-12-23
Kevin,Davis,K,65,1960-12-25
Tom,King,T,64,1961-10-14
Julia,Owens,J,41,1984-07-13
Kevin,Lewis,K,54,1971-02-26
David,Lewis,D,72,1953-07-05
Ethan,King,E,80,1945-11-10
Fiona,Owens,F,31,1994-09-27
Carla,King,C,38,1987-11-07
Laura,Clark,L,51,1974-03-15
Kevin,King,K,33,1992-04-06
Julia,Jones,J,51,1974-04-25
Kevin,Evans,K,78,1947-12-18
Tom,Nelson,T,76,1949-01-25
Oscar,Smith,O,30,1995-09-03
Carla,Jones,C,41,1984-12-20
Julia,King,J,77,1948-02-03
Ryan,Brown,R,65,1960-08-19
Mike,Turner,M,19,2006-07-06
Ian,Parker,I,67,1958-08-23
Ethan,Brown,E,59,1966-01-04
David,Garcia,D,62,1963-06-22
David,Turner,D,45,1980-06-15
Fiona,Foster,F,28,1997-01-06
Sophia,Adams,S,69,1956-10-07
Ryan,Roberts,R,78,1947-10-04
Kevin,Turner,K,61,1964-06-26
Nina,Parker,N,31,1994-09-27
Julia,Davis,J,58,1967-01-02
Ben,Brown,B,27,1998-07-19
Ethan,Nelson,E,49,1976-12-27
Alice,Smith,A,44,1981-06-13
Nina,Brown,N,21,2004-01-14
David,Foster,D,50,1975-10-09
Ian,Quinn,I,60,1965-07-11
Ben,Adams,B,48,1977-09-26
Nina,Morris,N,34,1991-07-23
Ryan,Turner,R,46,1979-01-12
Sophia,Parker,S,42,1983-01-27
Kevin,Quinn,K,50,1975-06-24
Alice,Parker,A,54,1971-12-18
Ryan,King,R,70,1955-09-01
Ian,Owens,I,20,2005-02-15
Oscar,Owens,O,24,2001-10-01
Paula,Evans,P,78,1947-03-13
Sophia,Jones,S,79,1946-06-03
Alice,Clark,A,60,1965-08-11
Ryan,Brown,R,42,1983-08-17
Fiona,King,F,67,1958-12-21
Hannah,Hill,H,40,1985-05-18
Tom,Foster,T,31,1994-03-14
Laura,Brown,L,52,1973-07-07
Ryan,Quinn,R,53,1972-07-09
Mike,Roberts,M,67,1958-12-12
Fiona,Davis,F,74,1951-03-04
Ben,Quinn,B,75,1950-01-19
Ben,Evans,B,75,1950-10-06
Hannah,Davis,H,69,1956-07-08
Ian,Morris,I,51,1974-08-25
Sophia,Foster,S,67,1958-02-08
Sophia,King,S,58,1967-11-05
David,Evans,D,78,1947-05-31
David,Hill,D,18,2007-10-31
Ian,Brown,I,27,1998-11-03
Tom,Morris,T,31,1994-05-15
Ian,Brown,I,24,2001-01-21
Sophia,Roberts,S,42,1983-02-02
Laura,King,L,19,2006-07-20
Laura,Turner,L,72,1953-01-31
Nina,Clark,N,56,1969-02-18
Laura,Brown,L,58,1967-05-13
Ben,Lewis,B,80,1945-03-22
Kevin,Morris,K,52,1973-05-03
Hannah,Garcia,H,26,1999-04-25
Carla,Parker,C,57,1968-03-27
Fiona,Adams,F,57,1968-03-27
Julia,Morris,J,21,2004-07-17
Tom,Nelson,T,69,1956-01-25
Carla,King,C,65,1960-04-25
Ryan,Lewis,R,52,1973-04-26
Ian,Parker,I,21,2004-02-19
Ben,Quinn,B,51,1974-06-07
Carla,Nelson,C,47,1978-06-20
Laura,Foster,L,20,2005-04-15
Fiona,Turner,F,19,2006-01-26
Ryan,Foster,R,64,1961-08-09
Nina,Garcia,N,35,1990-12-27
George,Evans,G,78,1947-06-17
Mike,Evans,M,24,2001-07-23
Carla,King,C,57,1968-11-27
Ethan,Lewis,E,44,1981-11-17
George,Foster,G,50,1975-01-23
Kevin,King,K,45,1980-04-26
Sophia,Evans,S,25,2000-07-13
Fiona,Garcia,F,57,1968-01-22
Sophia,Lewis,S,48,1977-09-01
Laura,Owens,L,37,1988-02-15
Tom,Parker,T,70,1955-12-15
Kevin,Foster,K,54,1971-12-25
Ryan,Turner,R,38,1987-01-18
Julia,Roberts,J,68,1957-06-09
Paula,Davis,P,53,1972-07-25
Ben,Smith,B,39,1986-08-08
Quinn,Roberts,Q,18,2007-04-01
Fiona,Turner,F,72,1953-04-30
Tom,Lewis,T,52,1973-07-27
Paula,Davis,P,33,1992-12-04
Julia,Davis,J,77,1948-07-17
Nina,Adams,N,71,1954-03-10
Ian,Evans,I,32,1993-03-10
Ben,Garcia,B,58,1967-05-09
Ryan,Adams,R,59,1966-02-13
Oscar,Smith,O,72,1953-04-20
Ryan,Davis,R,50,1975-05-13
David,Clark,D,60,1965-02-26
Ben,Quinn,B,20,2005-06-24
Mike,Lewis,M,32,1993-10-07
Oscar,Brown,O,28,1997-11-14
Kevin,Garcia,K,35,1990-12-27
Carla,Clark,C,61,1964-05-15
Sophia,Jones,S,43,1982-07-22
Julia,Morris,J,21,2004-07-21
Julia,Irwin,J,73,1952-07-17
Ethan,Evans,E,70,1955-11-05
Sophia,Morris,S,63,1962-03-24
Mike,Morris,M,31,1994-03-03
Paula,Irwin,P,21,2004-03-04
Laura,Quinn,L,40,1985-04-15
Nina,Evans,N,57,1968-02-20
Oscar,Adams,O,65,1960-02-02
Nina,Roberts,N,31,1994-04-04
Nina,King,N,54,1971-04-14
Laura,Jones,L,49,1976-08-06
Ethan,Jones,E,46,1979-10-16
George,Roberts,G,78,1947-12-12
Fiona,Clark,F,71,1954-09-22
Kevin,Roberts,K,67,1958-06-26
Julia,Irwin,J,25,2000-06-25
Oscar,Jones,O,60,1965-04-06
Julia,Foster,J,63,1962-09-22
Tom,Parker,T,24,2001-11-26
Nina,Jones,N,65,1960-03-01
George,Davis,G,56,1969-01-16
Oscar,Turner,O,58,1967-06-13
Laura,Quinn,L,26,1999-06-18
Mike,Roberts,M,34,1991-02-09
Laura,Roberts,L,59,1966-07-14
Kevin,Smith,K,57,1968-06-25
Quinn,Garcia,Q,27,1998-11-30
David,Clark,D,66,1959-04-18
Ian,Turner,I,64,1961-04-17
Ben,Garcia,B,73,1952-06-30
Ryan,Evans,R,59,1966-05-23
Mike,Owens,M,79,1946-02-17
Ryan,Brown,R,64,1961-09-10
Ben,Roberts,B,59,1966-06-03
Ethan,Irwin,E,46,1979-06-21
Ryan,Turner,R,62,1963-07-17
Carla,King,C,80,1945-01-22
Ian,Foster,I,61,1964-03-22
Tom,Morris,T,80,1945-02-01
Hannah,Garcia,H,35,1990-04-14
George,Nelson,G,71,1954-02-08
Sophia,Evans,S,79,1946-04-01
Alice,Turner,A,32,1993-02-28
Ben,Hill,B,23,2002-10-21
Quinn,Roberts,Q,57,1968-09-23
Quinn,Brown,Q,20,2005-01-26
George,Evans,G,59,1966-05-14
Sophia,Turner,S,78,1947-11-03
Ethan,Smith,E,44,1981-10-11
Oscar,Parker,O,29,1996-04-21
Tom,Smith,T,30,1995-09-22
Ben,Brown,B,66,1959-11-21
Hannah,Davis,H,36,1989-06-23
Sophia,Morris,S,53,1972-01-27
Oscar,King,O,69,1956-08-21
Oscar,Evans,O,55,1970-08-06
Fiona,Turner,F,25,2000-06-30
Fiona,Nelson,F,70,1955-05-10
Sophia,Davis,S,45,1980-09-21
Ian,Hill,I,51,1974-07-12
Quinn,Roberts,Q,55,1970-10-12
Oscar,Clark,O,63,1962-03-24
Fiona,Smith,F,46,1979-01-23
Oscar,Owens,O,18,2007-03-09
Laura,Brown,L,28,1997-05-15
Oscar,Brown,O,25,2000-03-10
Mike,Clark,M,38,1987-08-25
Tom,Garcia,T,59,1966-02-19
Ian,Hill,I,22,2003-05-10
Ethan,Parker,E,71,1954-06-25
Sophia,Morris,S,37,1988-02-07
Ben,Brown,B,70,1955-08-18
Laura,Owens,L,44,1981-07-26
Tom,Quinn,T,74,1951-02-14
Tom,Evans,T,35,1990-05-21
Carla,Smith,C,50,1975-12-22
Carla,Irwin,C,79,1946-06-07
Paula,Jones,P,20,2005-03-25
Ryan,Jones,R,53,1972-12-18
George,Nelson,G,37,1988-05-12
Laura,Nelson,L,41,1984-09-08
Carla,Garcia,C,40,1985-04-11
Alice,Adams,A,39,1986-11-10
David,Owens,D,45,1980-04-25
Laura,Clark,L,68,1957-06-14
David,Davis,D,77,1948-10-12
Oscar,Irwin,O,22,2003-03-20
Carla,Quinn,C,70,1955-03-25
Ethan,Turner,E,49,1976-02-19
Laura,Brown,L,26,1999-07-20
Hannah,Morris,H,42,1983-10-04
Ryan,Garcia,R,43,1982-12-08
Fiona,Lewis,F,42,1983-11-30
Ben,Lewis,B,39,1986-01-14
Julia,Jones,J,30,1995-06-03
David,Quinn,D,23,2002-10-16
Kevin,Parker,K,19,2006-12-11
Fiona,Turner,F,48,1977-05-18
Alice,Owens,A,57,1968-03-01
Oscar,Parker,O,20,2005-09-26
Alice,Davis,A,27,1998-02-23
Kevin,Brown,K,71,1954-09-06
Sophia,Owens,S,75,1950-11-09
Ben,Garcia,B,49,1976-06-10
Ben,Morris,B,31,1994-05-07
Paula,Lewis,P,80,1945-01-23
Laura,Brown,L,19,2006-09-11
Paula,Roberts,P,43,1982-05-02
Ben,Quinn,B,53,1972-07-31
David,Turner,D,54,1971-12-10
Sophia,Clark,S,47,1978-10-27
Laura,Nelson,L,41,1984-07-19
Tom,Parker,T,61,1964-10-10
Hannah,Jones,H,36,1989-07-12
Carla,Smith,C,40,1985-01-08
Oscar,Jones,O,24,2001-01-23
Alice,Adams,A,63,1962-06-16
Sophia,Evans,S,46,1979-02-24
Ethan,Clark,E,21,2004-10-04
Ethan,Roberts,E,50,1975-11-05
Ben,Foster,B,28,1997-06-03
Kevin,Smith,K,66,1959-01-18
Paula,Parker,P,31,1994-08-27
Kevin,Davis,K,54,1971-03-09
Sophia,Parker,S,28,1997-10-03
Paula,Nelson,P,66,1959-05-03
Hannah,Parker,H,40,1985-02-21
Hannah,Nelson,H,68,1957-10-31
Alice,Garcia,A,58,1967-10-12
Sophia,Smith,S,35,1990-01-05
George,Morris,G,37,1988-01-10
Fiona,Quinn,F,61,1964-05-07
Sophia,Owens,S,60,1965-09-16
Ben,Hill,B,25,2000-10-06
Laura,Brown,L,21,2004-11-15
Laura,Jones,L,51,1974-12-11
Carla,Morris,C,30,1995-12-02
Ryan,Brown,R,48,1977-12-12
Ian,Adams,I,28,1997-08-19
Mike,Turner,M,38,1987-06-23
Kevin,Quinn,K,20,2005-10-12
David,Quinn,D,38,1987-05-27
David,Brown,D,75,1950-03-22
Alice,Turner,A,40,1985-03-27
Hannah,Quinn,H,57,1968-05-31
Oscar,Owens,O,32,1993-02-18
Tom,Garcia,T,21,2004-08-13
Ian,Morris,I,72,1953-08-14
David,Owens,D,35,1990-11-13
Kevin,Garcia,K,44,1981-01-09
David,Jones,D,73,1952-06-23
Ian,Garcia,I,63,1962-02-26
Ian,Evans,I,27,1998-11-06
Oscar,Adams,O,22,2003-10-09
George,Turner,G,21,2004-05-24
Alice,Lewis,A,20,2005-05-03
Oscar,Irwin,O,54,1971-07-27
Fiona,Turner,F,66,1959-09-18
Julia,Morris,J,31,1994-11-07
Oscar,King,O,21,2004-11-19
Mike,Morris,M,55,1970-01-19
Ben,Jones,B,34,1991-01-17
Kevin,Turner,K,61,1964-08-12
Tom,Foster,T,19,2006-06-30
Kevin,Owens,K,19,2006-06-13
Carla,Turner,C,48,1977-03-20
Mike,Irwin,M,42,1983-08-21
Ryan,Adams,R,48,1977-11-16
Sophia,Morris,S,23,2002-08-31
Tom,Brown,T,34,1991-01-06
Julia,Brown,J,57,1968-12-17
Hannah,Quinn,H,37,1988-11-06
Sophia,King,S,35,1990-11-06
Sophia,Clark,S,67,1958-06-10
Tom,Hill,T,74,1951-04-09
Sophia,Nelson,S,41,1984-01-09
George,Quinn,G,69,1956-04-09
Paula,Quinn,P,58,1967-08-10
Ben,Evans,B,27,1998-10-19
Ryan,Owens,R,43,1982-06-12
Tom,Davis,T,39,1986-02-08
Ethan,Clark,E,49,1976-03-01
Sophia,Owens,S,80,1945-09-23
Carla,Nelson,C,74,1951-06-24
Hannah,Jones,H,53,1972-01-15
Ryan,Nelson,R,25,2000-02-17
Fiona,Nelson,F,25,2000-08-19
Nina,Foster,N,66,1959-03-17
Ben,Jones,B,53,1972-08-14
Kevin,Jones,K,25,2000-11-14
Laura,Parker,L,18,2007-06-05
Oscar,King,O,63,1962-10-06
Oscar,Brown,O,24,2001-06-23
Quinn,Smith,Q,67,1958-11-04
Paula,Morris,P,79,1946-07-05
Julia,Morris,J,58,1967-07-24
Fiona,Brown,F,59,1966-02-16
Alice,Davis,A,26,1999-05-15
Ben,Davis,B,41,1984-06-25
Kevin,Jones,K,77,1948-09-14
Tom,Morris,T,22,2003-12-03
Ian,Smith,I,43,1982-10-13
Hannah,Irwin,H,28,1997-03-15
Oscar,Turner,O,75,1950-01-05
David,Brown,D,19,2006-05-25
Ian,Smith,I,54,1971-07-07
Mike,Parker,M,60,1965-04-30
Ian,Smith,I,19,2006-09-17
Alice,Brown,A,46,1979-01-21
Alice,Parker,A,44,1981-08-17
Tom,Hill,T,33,1992-07-03
Ben,Evans,B,60,1965-11-19
Mike,Brown,M,55,1970-11-07
Kevin,Smith,K,54,1971-01-04
Oscar,Adams,O,58,1967-10-17
Carla,Clark,C,71,1954-03-25
George,Jones,G,76,1949-01-07
Oscar,Hill,O,80,1945-12-07
Fiona,Morris,F,41,1984-10-16
Hannah,Smith,H,69,1956-02-21
Nina,Owens,N,53,1972-09-17
George,Parker,G,18,2007-04-13
Nina,Irwin,N,36,1989-02-17
Paula,Irwin,P,18,2007-08-27
Ian,Foster,I,43,1982-09-02
Mike,Garcia,M,24,2001-07-21
Ian,Quinn,I,28,1997-09-17
Sophia,Parker,S,26,1999-08-13
Tom,Morris,T,76,1949-07-15
Sophia,Adams,S,35,1990-04-17
Sophia,Clark,S,36,1989-04-07
Julia,King,J,24,2001-12-15
Alice,Morris,A,48,1977-07-09
Ben,Jones,B,65,1960-08-24
Laura,Brown,L,30,1995-07-31
Alice,Smith,A,31,1994-07-19
Ryan,Adams,R,34,1991-05-10
Nina,Davis,N,20,2005-10-16
David,Brown,D,44,1981-09-24
Sophia,Brown,S,79,1946-08-04
Ian,Morris,I,68,1957-08-15
Fiona,Davis,F,37,1988-12-25
George,Roberts,G,63,1962-03-23
Julia,Morris,J,33,1992-05-10
Alice,Nelson,A,30,1995-10-27
Tom,Davis,T,30,1995-02-27
Ryan,Smith,R,74,1951-12-24
George,Lewis,G,32,1993-05-25
Sophia,Adams,S,74,1951-02-19
Nina,Jones,N,44,1981-11-19
Quinn,Morris,Q,37,1988-03-14
Laura,Brown,L,29,1996-01-27
Mike,Parker,M,43,1982-02-14
David,Jones,D,45,1980-01-14
Fiona,Nelson,F,46,1979-03-21
Quinn,Jones,Q,80,1945-07-06
Alice,Jones,A,67,1958-05-27
Alice,Smith,A,51,1974-05-02
George,Irwin,G,67,1958-04-24
Quinn,Lewis,Q,33,1992-06-25
Julia,Lewis,J,69,1956-04-03
Ethan,Irwin,E,42,1983-03-20
Laura,Owens,L,79,1946-02-01
Paula,Lewis,P,75,1950-01-03
George,Owens,G,41,1984-04-24
Nina,Foster,N,60,1965-12-05
Ben,Morris,B,22,2003-05-24
Ryan,Clark,R,55,1970-04-19
Kevin,Brown,K,19,2006-01-18
Alice,Foster,A,66,1959-07-24
Ryan,Irwin,R,20,2005-11-23
Hannah,Brown,H,28,1997-11-08
Fiona,Owens,F,26,1999-09-15
Paula,Parker,P,30,1995-05-04
Mike,Adams,M,65,1960-10-15
Fiona,Brown,F,36,1989-08-18
Ben,Nelson,B,23,2002-06-22
George,Smith,G,43,1982-06-19
George,Lewis,G,23,2002-10-01
Ryan,Turner,R,54,1971-12-19
Fiona,King,F,78,1947-01-21
Ian,Garcia,I,48,1977-05-01
Laura,Clark,L,70,1955-12-03
Carla,Quinn,C,34,1991-05-23
Carla,Foster,C,30,1995-06-16
Nina,Owens,N,78,1947-03-09
George,Morris,G,55,1970-03-01
Julia,Clark,J,48,1977-04-10
Paula,Owens,P,58,1967-12-06
Hannah,Irwin,H,38,1987-03-04
Tom,Quinn,T,56,1969-03-09
Mike,Parker,M,55,1970-05-20
Ethan,Lewis,E,65,1960-12-16
Laura,Parker,L,70,1955-06-21
Mike,Irwin,M,46,1979-01-03
Mike,Evans,M,64,1961-09-30
Sophia,Garcia,S,58,1967-02-24
Tom,Brown,T,57,1968-08-09
Paula,Irwin,P,70,1955-04-16
Alice,Morris,A,65,1960-12-27
Alice,Evans,A,75,1950-12-07
Fiona,Morris,F,56,1969-11-19
Sophia,Quinn,S,62,1963-11-17
Quinn,Quinn,Q,49,1976-08-05
Julia,Lewis,J,64,1961-09-12
Hannah,Morris,H,44,1981-01-04
Alice,Smith,A,80,1945-10-07
Laura,Adams,L,79,1946-08-23
Julia,Nelson,J,55,1970-04-30
George,Jones,G,21,2004-06-12
Laura,Foster,L,76,1949-04-23
David,Garcia,D,30,1995-02-20
Alice,Irwin,A,79,1946-11-13
Laura,Smith,L,64,1961-10-27
Alice,Turner,A,74,1951-09-09
Ethan,Smith,E,43,1982-06-05
Kevin,Foster,K,57,1968-12-02
Tom,Smith,T,32,1993-11-15
David,Adams,D,21,2004-04-04
Paula,King,P,28,1997-06-07
David,Davis,D,22,2003-06-14
Laura,Foster,L,50,1975-12-04
Alice,Nelson,A,42,1983-01-24
Carla,Owens,C,74,1951-11-23
Ian,Quinn,I,36,1989-04-26
Mike,Davis,M,70,1955-08-24
Nina,Foster,N,75,1950-05-05
Laura,Turner,L,44,1981-07-19
Kevin,Roberts,K,43,1982-10-21
Tom,Parker,T,69,1956-01-04
Nina,Foster,N,19,2006-06-15
George,Lewis,G,21,2004-08-10
Ben,Clark,B,73,1952-05-03
Ethan,Turner,E,66,1959-01-21
Carla,Turner,C,71,1954-01-27
George,Turner,G,62,1963-03-08
Ian,Nelson,I,44,1981-07-07
Mike,Hill,M,29,1996-06-11
David,Adams,D,74,1951-07-21
David,Evans,D,22,2003-06-03
Laura,King,L,78,1947-04-12
Alice,Owens,A,71,1954-08-04
Paula,Morris,P,30,1995-07-05
Nina,King,N,44,1981-05-06
Ben,Irwin,B,27,1998-02-01
Paula,Owens,P,62,1963-05-02
Ethan,Brown,E,34,1991-09-13
Ian,Foster,I,52,1973-06-08
Ethan,Foster,E,22,2003-08-12
Ben,Davis,B,46,1979-08-26
Quinn,Lewis,Q,36,1989-11-05
Nina,Jones,N,41,1984-07-21
Ian,Jones,I,74,1951-08-03
George,Hill,G,42,1983-12-02
